<metadata xml:lang="pl"><Esri><CreaDate>20221226</CreaDate><CreaTime>14445100</CreaTime><ArcGISFormat>1.0</ArcGISFormat><SyncOnce>FALSE</SyncOnce><DataProperties><lineage><Process ToolSource="c:\program files\arcgis\pro\Resources\ArcToolbox\toolboxes\Data Management Tools.tbx\CreateFeatureclass" Date="20221226" Time="144451">CreateFeatureclass G:\PLXklimat\PANDAS\Mapa_klim\Mapa_klim.gdb wykaz_stacji_imgw Point wykaz_stacji_flF.csv No No "GEOGCS["GCS_WGS_1984",DATUM["D_WGS_1984",SPHEROID["WGS_1984",6378137.0,298.257223563]],PRIMEM["Greenwich",0.0],UNIT["Degree",0.0174532925199433]];-400 -400 1000000000;-100000 10000;-100000 10000;8.98315284119521E-09;0.001;0.001;IsHighPrecision" # 0 0 0 #</Process><Process ToolSource="c:\program files\arcgis\pro\Resources\ArcToolbox\toolboxes\Data Management Tools.tbx\XYTableToPoint" Date="20221226" Time="144452">XYTableToPoint wykaz_stacji_flF.csv G:\PLXklimat\PANDAS\Mapa_klim\Mapa_klim.gdb\wykaz_stacji_imgw XX YY # "GEOGCS["GCS_WGS_1984",DATUM["D_WGS_1984",SPHEROID["WGS_1984",6378137.0,298.257223563]],PRIMEM["Greenwich",0.0],UNIT["Degree",0.0174532925199433]];-400 -400 1000000000;-100000 10000;-100000 10000;8.98315284119521E-09;0.001;0.001;IsHighPrecision"</Process><Process ToolSource="c:\program files\arcgis\pro\Resources\ArcToolbox\toolboxes\Conversion Tools.tbx\ExportFeatures" Date="20221226" Time="145308">ExportFeatures wykaz_stacji_imgw G:\PLXklimat\PANDAS\stacje_imgw_meteoK.shp # NOT_USE_ALIAS "KodStacji "KodStacji" true true false 4 Long 0 0,First,#,wykaz_stacji_imgw,KodStacji,-1,-1;Nazwa "Nazwa" true true false 8000 Text 0 0,First,#,wykaz_stacji_imgw,Nazwa,0,8000;StacjaID "StacjaID" true true false 4 Long 0 0,First,#,wykaz_stacji_imgw,StacjaID,-1,-1;XX "XX" true true false 8 Double 0 0,First,#,wykaz_stacji_imgw,XX,-1,-1;YY "YY" true true false 8 Double 0 0,First,#,wykaz_stacji_imgw,YY,-1,-1;Typ "Typ" true true false 8000 Text 0 0,First,#,wykaz_stacji_imgw,Typ,0,8000" #</Process><Process ToolSource="c:\program files\arcgis\pro\Resources\ArcToolbox\toolboxes\Data Management Tools.tbx\JoinField" Date="20230603" Time="120528">JoinField stacje_imgw_meteoK StacjaID stacje_klim_realizacja StacjaID # "Select transfer fields" #</Process><Process ToolSource="c:\program files\arcgis\pro\Resources\ArcToolbox\toolboxes\Data Management Tools.tbx\DeleteField" Date="20230603" Time="120658">DeleteField stacje_imgw_meteoK StacjaID_1 "Delete Fields"</Process><Process ToolSource="c:\program files\arcgis\pro\Resources\ArcToolbox\toolboxes\Data Management Tools.tbx\DeleteField" Date="20230603" Time="120706">DeleteField stacje_imgw_meteoK XX_1 "Delete Fields"</Process><Process ToolSource="c:\program files\arcgis\pro\Resources\ArcToolbox\toolboxes\Data Management Tools.tbx\DeleteField" Date="20230603" Time="120714">DeleteField stacje_imgw_meteoK YY_1 "Delete Fields"</Process><Process ToolSource="c:\program files\arcgis\pro\Resources\ArcToolbox\toolboxes\Conversion Tools.tbx\ExportFeatures" Date="20230603" Time="121118">ExportFeatures stacje_imgw_meteoK C:\maj23\konfgis\stacje_imgw_meteoK.shp # NOT_USE_ALIAS "KodStacji "KodStacji" true true false 10 Long 0 10,First,#,stacje_imgw_meteoK,KodStacji,-1,-1;Nazwa "Nazwa" true true false 254 Text 0 0,First,#,stacje_imgw_meteoK,Nazwa,0,254;StacjaID "StacjaID" true true false 10 Long 0 10,First,#,stacje_imgw_meteoK,StacjaID,-1,-1;XX "XX" true true false 19 Double 0 0,First,#,stacje_imgw_meteoK,XX,-1,-1;YY "YY" true true false 19 Double 0 0,First,#,stacje_imgw_meteoK,YY,-1,-1;Typ "Typ" true true false 254 Text 0 0,First,#,stacje_imgw_meteoK,Typ,0,254;R51 "R51" true true false 1 Text 0 0,First,#,stacje_imgw_meteoK,R51,0,1;R52 "R52" true true false 1 Text 0 0,First,#,stacje_imgw_meteoK,R52,0,1;R53 "R53" true true false 1 Text 0 0,First,#,stacje_imgw_meteoK,R53,0,1;R54 "R54" true true false 1 Text 0 0,First,#,stacje_imgw_meteoK,R54,0,1;R55 "R55" true true false 1 Text 0 0,First,#,stacje_imgw_meteoK,R55,0,1;R56 "R56" true true false 1 Text 0 0,First,#,stacje_imgw_meteoK,R56,0,1;R57 "R57" true true false 1 Text 0 0,First,#,stacje_imgw_meteoK,R57,0,1;R58 "R58" true true false 1 Text 0 0,First,#,stacje_imgw_meteoK,R58,0,1;R59 "R59" true true false 1 Text 0 0,First,#,stacje_imgw_meteoK,R59,0,1;R60 "R60" true true false 1 Text 0 0,First,#,stacje_imgw_meteoK,R60,0,1;R61 "R61" true true false 1 Text 0 0,First,#,stacje_imgw_meteoK,R61,0,1;R62 "R62" true true false 1 Text 0 0,First,#,stacje_imgw_meteoK,R62,0,1;R63 "R63" true true false 1 Text 0 0,First,#,stacje_imgw_meteoK,R63,0,1;R65 "R65" true true false 1 Text 0 0,First,#,stacje_imgw_meteoK,R65,0,1;R66 "R66" true true false 1 Text 0 0,First,#,stacje_imgw_meteoK,R66,0,1;R67 "R67" true true false 1 Text 0 0,First,#,stacje_imgw_meteoK,R67,0,1;R68 "R68" true true false 1 Text 0 0,First,#,stacje_imgw_meteoK,R68,0,1;R69 "R69" true true false 1 Text 0 0,First,#,stacje_imgw_meteoK,R69,0,1;R70 "R70" true true false 1 Text 0 0,First,#,stacje_imgw_meteoK,R70,0,1;R71 "R71" true true false 1 Text 0 0,First,#,stacje_imgw_meteoK,R71,0,1;R72 "R72" true true false 1 Text 0 0,First,#,stacje_imgw_meteoK,R72,0,1;R73 "R73" true true false 1 Text 0 0,First,#,stacje_imgw_meteoK,R73,0,1;R74 "R74" true true false 1 Text 0 0,First,#,stacje_imgw_meteoK,R74,0,1;R75 "R75" true true false 1 Text 0 0,First,#,stacje_imgw_meteoK,R75,0,1;R76 "R76" true true false 1 Text 0 0,First,#,stacje_imgw_meteoK,R76,0,1;R77 "R77" true true false 1 Text 0 0,First,#,stacje_imgw_meteoK,R77,0,1;R78 "R78" true true false 1 Text 0 0,First,#,stacje_imgw_meteoK,R78,0,1;R79 "R79" true true false 1 Text 0 0,First,#,stacje_imgw_meteoK,R79,0,1;R80 "R80" true true false 1 Text 0 0,First,#,stacje_imgw_meteoK,R80,0,1;R81 "R81" true true false 1 Text 0 0,First,#,stacje_imgw_meteoK,R81,0,1;R82 "R82" true true false 1 Text 0 0,First,#,stacje_imgw_meteoK,R82,0,1;R83 "R83" true true false 1 Text 0 0,First,#,stacje_imgw_meteoK,R83,0,1;R84 "R84" true true false 1 Text 0 0,First,#,stacje_imgw_meteoK,R84,0,1;R85 "R85" true true false 1 Text 0 0,First,#,stacje_imgw_meteoK,R85,0,1;R86 "R86" true true false 1 Text 0 0,First,#,stacje_imgw_meteoK,R86,0,1;R87 "R87" true true false 1 Text 0 0,First,#,stacje_imgw_meteoK,R87,0,1;R88 "R88" true true false 1 Text 0 0,First,#,stacje_imgw_meteoK,R88,0,1;R89 "R89" true true false 1 Text 0 0,First,#,stacje_imgw_meteoK,R89,0,1;R90 "R90" true true false 1 Text 0 0,First,#,stacje_imgw_meteoK,R90,0,1;R91 "R91" true true false 1 Text 0 0,First,#,stacje_imgw_meteoK,R91,0,1;R92 "R92" true true false 1 Text 0 0,First,#,stacje_imgw_meteoK,R92,0,1;R93 "R93" true true false 1 Text 0 0,First,#,stacje_imgw_meteoK,R93,0,1;R94 "R94" true true false 1 Text 0 0,First,#,stacje_imgw_meteoK,R94,0,1;R95 "R95" true true false 1 Text 0 0,First,#,stacje_imgw_meteoK,R95,0,1;R96 "R96" true true false 1 Text 0 0,First,#,stacje_imgw_meteoK,R96,0,1;R97 "R97" true true false 1 Text 0 0,First,#,stacje_imgw_meteoK,R97,0,1;R98 "R98" true true false 1 Text 0 0,First,#,stacje_imgw_meteoK,R98,0,1;R99 "R99" true true false 1 Text 0 0,First,#,stacje_imgw_meteoK,R99,0,1;R00 "R00" true true false 1 Text 0 0,First,#,stacje_imgw_meteoK,R00,0,1;R01 "R01" true true false 1 Text 0 0,First,#,stacje_imgw_meteoK,R01,0,1;R02 "R02" true true false 1 Text 0 0,First,#,stacje_imgw_meteoK,R02,0,1;R03 "R03" true true false 1 Text 0 0,First,#,stacje_imgw_meteoK,R03,0,1;R04 "R04" true true false 1 Text 0 0,First,#,stacje_imgw_meteoK,R04,0,1;R05 "R05" true true false 1 Text 0 0,First,#,stacje_imgw_meteoK,R05,0,1;R06 "R06" true true false 1 Text 0 0,First,#,stacje_imgw_meteoK,R06,0,1;R07 "R07" true true false 1 Text 0 0,First,#,stacje_imgw_meteoK,R07,0,1;R08 "R08" true true false 1 Text 0 0,First,#,stacje_imgw_meteoK,R08,0,1;R09 "R09" true true false 1 Text 0 0,First,#,stacje_imgw_meteoK,R09,0,1;R10 "R10" true true false 1 Text 0 0,First,#,stacje_imgw_meteoK,R10,0,1;R11 "R11" true true false 1 Text 0 0,First,#,stacje_imgw_meteoK,R11,0,1;R12 "R12" true true false 1 Text 0 0,First,#,stacje_imgw_meteoK,R12,0,1;R13 "R13" true true false 1 Text 0 0,First,#,stacje_imgw_meteoK,R13,0,1;R14 "R14" true true false 1 Text 0 0,First,#,stacje_imgw_meteoK,R14,0,1;R15 "R15" true true false 1 Text 0 0,First,#,stacje_imgw_meteoK,R15,0,1;R16 "R16" true true false 1 Text 0 0,First,#,stacje_imgw_meteoK,R16,0,1;R17 "R17" true true false 1 Text 0 0,First,#,stacje_imgw_meteoK,R17,0,1;R18 "R18" true true false 1 Text 0 0,First,#,stacje_imgw_meteoK,R18,0,1;R19 "R19" true true false 1 Text 0 0,First,#,stacje_imgw_meteoK,R19,0,1;R20 "R20" true true false 1 Text 0 0,First,#,stacje_imgw_meteoK,R20,0,1;R21 "R21" true true false 1 Text 0 0,First,#,stacje_imgw_meteoK,R21,0,1;R22 "R22" true true false 1 Text 0 0,First,#,stacje_imgw_meteoK,R22,0,1;R23 "R23" true true false 1 Text 0 0,First,#,stacje_imgw_meteoK,R23,0,1;R24 "R24" true true false 1 Text 0 0,First,#,stacje_imgw_meteoK,R24,0,1;R25 "R25" true true false 1 Text 0 0,First,#,stacje_imgw_meteoK,R25,0,1;R26 "R26" true true false 1 Text 0 0,First,#,stacje_imgw_meteoK,R26,0,1;R27 "R27" true true false 1 Text 0 0,First,#,stacje_imgw_meteoK,R27,0,1;R28 "R28" true true false 1 Text 0 0,First,#,stacje_imgw_meteoK,R28,0,1;R29 "R29" true true false 1 Text 0 0,First,#,stacje_imgw_meteoK,R29,0,1;R30 "R30" true true false 1 Text 0 0,First,#,stacje_imgw_meteoK,R30,0,1;R64 "R64" true true false 1 Text 0 0,First,#,stacje_imgw_meteoK,R64,0,1" #</Process><Process ToolSource="c:\program files\arcgis\pro\Resources\ArcToolbox\toolboxes\Data Management Tools.tbx\DeleteField" Date="20230610" Time="110240">DeleteField stacje_imgw_meteoK R24;R25;R26;R27;R28;R29;R30 "Delete Fields"</Process></lineage><itemProps><itemName Sync="TRUE">stacje_imgw_meteoK</itemName><imsContentType Sync="TRUE">002</imsContentType><itemSize Sync="TRUE">0.000</itemSize><itemLocation><linkage Sync="TRUE">file://\\JACURBCGISLAPTO\C$\maj23\konfgis\stacje_imgw_meteoK.shp</linkage><protocol Sync="TRUE">Local Area Network</protocol></itemLocation></itemProps><coordRef><type Sync="TRUE">Projected</type><geogcsn Sync="TRUE">GCS_ETRS_1989</geogcsn><csUnits Sync="TRUE">Linear Unit: Meter (1.000000)</csUnits><projcsn Sync="TRUE">ETRS_1989_Poland_CS92</projcsn><peXml Sync="TRUE">&lt;ProjectedCoordinateSystem xsi:type='typens:ProjectedCoordinateSystem' xmlns:xsi='http://www.w3.org/2001/XMLSchema-instance' xmlns:xs='http://www.w3.org/2001/XMLSchema' xmlns:typens='http://www.esri.com/schemas/ArcGIS/3.1.0'&gt;&lt;WKT&gt;PROJCS[&amp;quot;ETRS_1989_Poland_CS92&amp;quot;,GEOGCS[&amp;quot;GCS_ETRS_1989&amp;quot;,DATUM[&amp;quot;D_ETRS_1989&amp;quot;,SPHEROID[&amp;quot;GRS_1980&amp;quot;,6378137.0,298.257222101]],PRIMEM[&amp;quot;Greenwich&amp;quot;,0.0],UNIT[&amp;quot;Degree&amp;quot;,0.0174532925199433]],PROJECTION[&amp;quot;Transverse_Mercator&amp;quot;],PARAMETER[&amp;quot;False_Easting&amp;quot;,500000.0],PARAMETER[&amp;quot;False_Northing&amp;quot;,-5300000.0],PARAMETER[&amp;quot;Central_Meridian&amp;quot;,19.0],PARAMETER[&amp;quot;Scale_Factor&amp;quot;,0.9993],PARAMETER[&amp;quot;Latitude_Of_Origin&amp;quot;,0.0],UNIT[&amp;quot;Meter&amp;quot;,1.0],AUTHORITY[&amp;quot;EPSG&amp;quot;,2180]]&lt;/WKT&gt;&lt;XOrigin&gt;-5119200&lt;/XOrigin&gt;&lt;YOrigin&gt;-15295100&lt;/YOrigin&gt;&lt;XYScale&gt;450580747.30322808&lt;/XYScale&gt;&lt;ZOrigin&gt;-100000&lt;/ZOrigin&gt;&lt;ZScale&gt;10000&lt;/ZScale&gt;&lt;MOrigin&gt;-100000&lt;/MOrigin&gt;&lt;MScale&gt;10000&lt;/MScale&gt;&lt;XYTolerance&gt;0.001&lt;/XYTolerance&gt;&lt;ZTolerance&gt;0.001&lt;/ZTolerance&gt;&lt;MTolerance&gt;0.001&lt;/MTolerance&gt;&lt;HighPrecision&gt;true&lt;/HighPrecision&gt;&lt;WKID&gt;2180&lt;/WKID&gt;&lt;LatestWKID&gt;2180&lt;/LatestWKID&gt;&lt;/ProjectedCoordinateSystem&gt;</peXml></coordRef></DataProperties><SyncDate>20230603</SyncDate><SyncTime>12111700</SyncTime><ModDate>20230603</ModDate><ModTime>12111700</ModTime></Esri><dataIdInfo><envirDesc Sync="TRUE">Microsoft Windows 10 Version 10.0 (Build 19045) ; Esri ArcGIS 13.1.0.41833</envirDesc><dataLang><languageCode value="pol" Sync="TRUE"></languageCode><countryCode value="POL" Sync="TRUE"></countryCode></dataLang><idCitation><resTitle Sync="TRUE">stacje_imgw_meteoK</resTitle><presForm><PresFormCd value="005" Sync="TRUE"></PresFormCd></presForm></idCitation><spatRpType><SpatRepTypCd value="001" Sync="TRUE"></SpatRepTypCd></spatRpType></dataIdInfo><mdLang><languageCode value="pol" Sync="TRUE"></languageCode><countryCode value="POL" Sync="TRUE"></countryCode></mdLang><distInfo><distFormat><formatName Sync="TRUE">Shapefile</formatName></distFormat><distTranOps><transSize Sync="TRUE">0.000</transSize></distTranOps></distInfo><mdHrLv><ScopeCd value="005" Sync="TRUE"></ScopeCd></mdHrLv><mdHrLvName Sync="TRUE">dataset</mdHrLvName><refSysInfo><RefSystem><refSysID><identCode code="2180" Sync="TRUE"></identCode><idCodeSpace Sync="TRUE">EPSG</idCodeSpace><idVersion Sync="TRUE">6.7(9.0.0)</idVersion></refSysID></RefSystem></refSysInfo><spatRepInfo><VectSpatRep><geometObjs Name="stacje_imgw_meteoK"><geoObjTyp><GeoObjTypCd value="004" Sync="TRUE"></GeoObjTypCd></geoObjTyp><geoObjCnt Sync="TRUE">0</geoObjCnt></geometObjs><topLvl><TopoLevCd value="001" Sync="TRUE"></TopoLevCd></topLvl></VectSpatRep></spatRepInfo><spdoinfo><ptvctinf><esriterm Name="stacje_imgw_meteoK"><efeatyp Sync="TRUE">Simple</efeatyp><efeageom code="1" Sync="TRUE"></efeageom><esritopo Sync="TRUE">FALSE</esritopo><efeacnt Sync="TRUE">0</efeacnt><spindex Sync="TRUE">FALSE</spindex><linrefer Sync="TRUE">FALSE</linrefer></esriterm></ptvctinf></spdoinfo><eainfo><detailed Name="stacje_imgw_meteoK"><enttyp><enttypl Sync="TRUE">stacje_imgw_meteoK</enttypl><enttypt Sync="TRUE">Feature Class</enttypt><enttypc Sync="TRUE">0</enttypc></enttyp><attr><attrlabl Sync="TRUE">FID</attrlabl><attalias Sync="TRUE">FID</attalias><attrtype Sync="TRUE">OID</attrtype><attwidth Sync="TRUE">4</attwidth><atprecis Sync="TRUE">0</atprecis><attscale Sync="TRUE">0</attscale><attrdef Sync="TRUE">Internal feature number.</attrdef><attrdefs Sync="TRUE">Esri</attrdefs><attrdomv><udom Sync="TRUE">Sequential unique whole numbers that are automatically generated.</udom></attrdomv></attr><attr><attrlabl Sync="TRUE">Shape</attrlabl><attalias Sync="TRUE">Shape</attalias><attrtype Sync="TRUE">Geometry</attrtype><attwidth Sync="TRUE">0</attwidth><atprecis Sync="TRUE">0</atprecis><attscale Sync="TRUE">0</attscale><attrdef Sync="TRUE">Feature geometry.</attrdef><attrdefs Sync="TRUE">Esri</attrdefs><attrdomv><udom Sync="TRUE">Coordinates defining the features.</udom></attrdomv></attr><attr><attrlabl Sync="TRUE">KodStacji</attrlabl><attalias Sync="TRUE">KodStacji</attalias><attrtype Sync="TRUE">Integer</attrtype><attwidth Sync="TRUE">10</attwidth><atprecis Sync="TRUE">10</atprecis><attscale Sync="TRUE">0</attscale></attr><attr><attrlabl Sync="TRUE">Nazwa</attrlabl><attalias Sync="TRUE">Nazwa</attalias><attrtype Sync="TRUE">String</attrtype><attwidth Sync="TRUE">254</attwidth><atprecis Sync="TRUE">0</atprecis><attscale Sync="TRUE">0</attscale></attr><attr><attrlabl Sync="TRUE">StacjaID</attrlabl><attalias Sync="TRUE">StacjaID</attalias><attrtype Sync="TRUE">Integer</attrtype><attwidth Sync="TRUE">10</attwidth><atprecis Sync="TRUE">10</atprecis><attscale Sync="TRUE">0</attscale></attr><attr><attrlabl Sync="TRUE">XX</attrlabl><attalias Sync="TRUE">XX</attalias><attrtype Sync="TRUE">Double</attrtype><attwidth Sync="TRUE">19</attwidth><atprecis Sync="TRUE">0</atprecis><attscale Sync="TRUE">0</attscale></attr><attr><attrlabl Sync="TRUE">YY</attrlabl><attalias Sync="TRUE">YY</attalias><attrtype Sync="TRUE">Double</attrtype><attwidth Sync="TRUE">19</attwidth><atprecis Sync="TRUE">0</atprecis><attscale Sync="TRUE">0</attscale></attr><attr><attrlabl Sync="TRUE">Typ</attrlabl><attalias Sync="TRUE">Typ</attalias><attrtype Sync="TRUE">String</attrtype><attwidth Sync="TRUE">254</attwidth><atprecis Sync="TRUE">0</atprecis><attscale Sync="TRUE">0</attscale></attr><attr><attrlabl Sync="TRUE">R51</attrlabl><attalias Sync="TRUE">R51</attalias><attrtype Sync="TRUE">String</attrtype><attwidth Sync="TRUE">1</attwidth><atprecis Sync="TRUE">0</atprecis><attscale Sync="TRUE">0</attscale></attr><attr><attrlabl Sync="TRUE">R52</attrlabl><attalias Sync="TRUE">R52</attalias><attrtype Sync="TRUE">String</attrtype><attwidth Sync="TRUE">1</attwidth><atprecis Sync="TRUE">0</atprecis><attscale Sync="TRUE">0</attscale></attr><attr><attrlabl Sync="TRUE">R53</attrlabl><attalias Sync="TRUE">R53</attalias><attrtype Sync="TRUE">String</attrtype><attwidth Sync="TRUE">1</attwidth><atprecis Sync="TRUE">0</atprecis><attscale Sync="TRUE">0</attscale></attr><attr><attrlabl Sync="TRUE">R54</attrlabl><attalias Sync="TRUE">R54</attalias><attrtype Sync="TRUE">String</attrtype><attwidth Sync="TRUE">1</attwidth><atprecis Sync="TRUE">0</atprecis><attscale Sync="TRUE">0</attscale></attr><attr><attrlabl Sync="TRUE">R55</attrlabl><attalias Sync="TRUE">R55</attalias><attrtype Sync="TRUE">String</attrtype><attwidth Sync="TRUE">1</attwidth><atprecis Sync="TRUE">0</atprecis><attscale Sync="TRUE">0</attscale></attr><attr><attrlabl Sync="TRUE">R56</attrlabl><attalias Sync="TRUE">R56</attalias><attrtype Sync="TRUE">String</attrtype><attwidth Sync="TRUE">1</attwidth><atprecis Sync="TRUE">0</atprecis><attscale Sync="TRUE">0</attscale></attr><attr><attrlabl Sync="TRUE">R57</attrlabl><attalias Sync="TRUE">R57</attalias><attrtype Sync="TRUE">String</attrtype><attwidth Sync="TRUE">1</attwidth><atprecis Sync="TRUE">0</atprecis><attscale Sync="TRUE">0</attscale></attr><attr><attrlabl Sync="TRUE">R58</attrlabl><attalias Sync="TRUE">R58</attalias><attrtype Sync="TRUE">String</attrtype><attwidth Sync="TRUE">1</attwidth><atprecis Sync="TRUE">0</atprecis><attscale Sync="TRUE">0</attscale></attr><attr><attrlabl Sync="TRUE">R59</attrlabl><attalias Sync="TRUE">R59</attalias><attrtype Sync="TRUE">String</attrtype><attwidth Sync="TRUE">1</attwidth><atprecis Sync="TRUE">0</atprecis><attscale Sync="TRUE">0</attscale></attr><attr><attrlabl Sync="TRUE">R60</attrlabl><attalias Sync="TRUE">R60</attalias><attrtype Sync="TRUE">String</attrtype><attwidth Sync="TRUE">1</attwidth><atprecis Sync="TRUE">0</atprecis><attscale Sync="TRUE">0</attscale></attr><attr><attrlabl Sync="TRUE">R61</attrlabl><attalias Sync="TRUE">R61</attalias><attrtype Sync="TRUE">String</attrtype><attwidth Sync="TRUE">1</attwidth><atprecis Sync="TRUE">0</atprecis><attscale Sync="TRUE">0</attscale></attr><attr><attrlabl Sync="TRUE">R62</attrlabl><attalias Sync="TRUE">R62</attalias><attrtype Sync="TRUE">String</attrtype><attwidth Sync="TRUE">1</attwidth><atprecis Sync="TRUE">0</atprecis><attscale Sync="TRUE">0</attscale></attr><attr><attrlabl Sync="TRUE">R63</attrlabl><attalias Sync="TRUE">R63</attalias><attrtype Sync="TRUE">String</attrtype><attwidth Sync="TRUE">1</attwidth><atprecis Sync="TRUE">0</atprecis><attscale Sync="TRUE">0</attscale></attr><attr><attrlabl Sync="TRUE">R65</attrlabl><attalias Sync="TRUE">R65</attalias><attrtype Sync="TRUE">String</attrtype><attwidth Sync="TRUE">1</attwidth><atprecis Sync="TRUE">0</atprecis><attscale Sync="TRUE">0</attscale></attr><attr><attrlabl Sync="TRUE">R66</attrlabl><attalias Sync="TRUE">R66</attalias><attrtype Sync="TRUE">String</attrtype><attwidth Sync="TRUE">1</attwidth><atprecis Sync="TRUE">0</atprecis><attscale Sync="TRUE">0</attscale></attr><attr><attrlabl Sync="TRUE">R67</attrlabl><attalias Sync="TRUE">R67</attalias><attrtype Sync="TRUE">String</attrtype><attwidth Sync="TRUE">1</attwidth><atprecis Sync="TRUE">0</atprecis><attscale Sync="TRUE">0</attscale></attr><attr><attrlabl Sync="TRUE">R68</attrlabl><attalias Sync="TRUE">R68</attalias><attrtype Sync="TRUE">String</attrtype><attwidth Sync="TRUE">1</attwidth><atprecis Sync="TRUE">0</atprecis><attscale Sync="TRUE">0</attscale></attr><attr><attrlabl Sync="TRUE">R69</attrlabl><attalias Sync="TRUE">R69</attalias><attrtype Sync="TRUE">String</attrtype><attwidth Sync="TRUE">1</attwidth><atprecis Sync="TRUE">0</atprecis><attscale Sync="TRUE">0</attscale></attr><attr><attrlabl Sync="TRUE">R70</attrlabl><attalias Sync="TRUE">R70</attalias><attrtype Sync="TRUE">String</attrtype><attwidth Sync="TRUE">1</attwidth><atprecis Sync="TRUE">0</atprecis><attscale Sync="TRUE">0</attscale></attr><attr><attrlabl Sync="TRUE">R71</attrlabl><attalias Sync="TRUE">R71</attalias><attrtype Sync="TRUE">String</attrtype><attwidth Sync="TRUE">1</attwidth><atprecis Sync="TRUE">0</atprecis><attscale Sync="TRUE">0</attscale></attr><attr><attrlabl Sync="TRUE">R72</attrlabl><attalias Sync="TRUE">R72</attalias><attrtype Sync="TRUE">String</attrtype><attwidth Sync="TRUE">1</attwidth><atprecis Sync="TRUE">0</atprecis><attscale Sync="TRUE">0</attscale></attr><attr><attrlabl Sync="TRUE">R73</attrlabl><attalias Sync="TRUE">R73</attalias><attrtype Sync="TRUE">String</attrtype><attwidth Sync="TRUE">1</attwidth><atprecis Sync="TRUE">0</atprecis><attscale Sync="TRUE">0</attscale></attr><attr><attrlabl Sync="TRUE">R74</attrlabl><attalias Sync="TRUE">R74</attalias><attrtype Sync="TRUE">String</attrtype><attwidth Sync="TRUE">1</attwidth><atprecis Sync="TRUE">0</atprecis><attscale Sync="TRUE">0</attscale></attr><attr><attrlabl Sync="TRUE">R75</attrlabl><attalias Sync="TRUE">R75</attalias><attrtype Sync="TRUE">String</attrtype><attwidth Sync="TRUE">1</attwidth><atprecis Sync="TRUE">0</atprecis><attscale Sync="TRUE">0</attscale></attr><attr><attrlabl Sync="TRUE">R76</attrlabl><attalias Sync="TRUE">R76</attalias><attrtype Sync="TRUE">String</attrtype><attwidth Sync="TRUE">1</attwidth><atprecis Sync="TRUE">0</atprecis><attscale Sync="TRUE">0</attscale></attr><attr><attrlabl Sync="TRUE">R77</attrlabl><attalias Sync="TRUE">R77</attalias><attrtype Sync="TRUE">String</attrtype><attwidth Sync="TRUE">1</attwidth><atprecis Sync="TRUE">0</atprecis><attscale Sync="TRUE">0</attscale></attr><attr><attrlabl Sync="TRUE">R78</attrlabl><attalias Sync="TRUE">R78</attalias><attrtype Sync="TRUE">String</attrtype><attwidth Sync="TRUE">1</attwidth><atprecis Sync="TRUE">0</atprecis><attscale Sync="TRUE">0</attscale></attr><attr><attrlabl Sync="TRUE">R79</attrlabl><attalias Sync="TRUE">R79</attalias><attrtype Sync="TRUE">String</attrtype><attwidth Sync="TRUE">1</attwidth><atprecis Sync="TRUE">0</atprecis><attscale Sync="TRUE">0</attscale></attr><attr><attrlabl Sync="TRUE">R80</attrlabl><attalias Sync="TRUE">R80</attalias><attrtype Sync="TRUE">String</attrtype><attwidth Sync="TRUE">1</attwidth><atprecis Sync="TRUE">0</atprecis><attscale Sync="TRUE">0</attscale></attr><attr><attrlabl Sync="TRUE">R81</attrlabl><attalias Sync="TRUE">R81</attalias><attrtype Sync="TRUE">String</attrtype><attwidth Sync="TRUE">1</attwidth><atprecis Sync="TRUE">0</atprecis><attscale Sync="TRUE">0</attscale></attr><attr><attrlabl Sync="TRUE">R82</attrlabl><attalias Sync="TRUE">R82</attalias><attrtype Sync="TRUE">String</attrtype><attwidth Sync="TRUE">1</attwidth><atprecis Sync="TRUE">0</atprecis><attscale Sync="TRUE">0</attscale></attr><attr><attrlabl Sync="TRUE">R83</attrlabl><attalias Sync="TRUE">R83</attalias><attrtype Sync="TRUE">String</attrtype><attwidth Sync="TRUE">1</attwidth><atprecis Sync="TRUE">0</atprecis><attscale Sync="TRUE">0</attscale></attr><attr><attrlabl Sync="TRUE">R84</attrlabl><attalias Sync="TRUE">R84</attalias><attrtype Sync="TRUE">String</attrtype><attwidth Sync="TRUE">1</attwidth><atprecis Sync="TRUE">0</atprecis><attscale Sync="TRUE">0</attscale></attr><attr><attrlabl Sync="TRUE">R85</attrlabl><attalias Sync="TRUE">R85</attalias><attrtype Sync="TRUE">String</attrtype><attwidth Sync="TRUE">1</attwidth><atprecis Sync="TRUE">0</atprecis><attscale Sync="TRUE">0</attscale></attr><attr><attrlabl Sync="TRUE">R86</attrlabl><attalias Sync="TRUE">R86</attalias><attrtype Sync="TRUE">String</attrtype><attwidth Sync="TRUE">1</attwidth><atprecis Sync="TRUE">0</atprecis><attscale Sync="TRUE">0</attscale></attr><attr><attrlabl Sync="TRUE">R87</attrlabl><attalias Sync="TRUE">R87</attalias><attrtype Sync="TRUE">String</attrtype><attwidth Sync="TRUE">1</attwidth><atprecis Sync="TRUE">0</atprecis><attscale Sync="TRUE">0</attscale></attr><attr><attrlabl Sync="TRUE">R88</attrlabl><attalias Sync="TRUE">R88</attalias><attrtype Sync="TRUE">String</attrtype><attwidth Sync="TRUE">1</attwidth><atprecis Sync="TRUE">0</atprecis><attscale Sync="TRUE">0</attscale></attr><attr><attrlabl Sync="TRUE">R89</attrlabl><attalias Sync="TRUE">R89</attalias><attrtype Sync="TRUE">String</attrtype><attwidth Sync="TRUE">1</attwidth><atprecis Sync="TRUE">0</atprecis><attscale Sync="TRUE">0</attscale></attr><attr><attrlabl Sync="TRUE">R90</attrlabl><attalias Sync="TRUE">R90</attalias><attrtype Sync="TRUE">String</attrtype><attwidth Sync="TRUE">1</attwidth><atprecis Sync="TRUE">0</atprecis><attscale Sync="TRUE">0</attscale></attr><attr><attrlabl Sync="TRUE">R91</attrlabl><attalias Sync="TRUE">R91</attalias><attrtype Sync="TRUE">String</attrtype><attwidth Sync="TRUE">1</attwidth><atprecis Sync="TRUE">0</atprecis><attscale Sync="TRUE">0</attscale></attr><attr><attrlabl Sync="TRUE">R92</attrlabl><attalias Sync="TRUE">R92</attalias><attrtype Sync="TRUE">String</attrtype><attwidth Sync="TRUE">1</attwidth><atprecis Sync="TRUE">0</atprecis><attscale Sync="TRUE">0</attscale></attr><attr><attrlabl Sync="TRUE">R93</attrlabl><attalias Sync="TRUE">R93</attalias><attrtype Sync="TRUE">String</attrtype><attwidth Sync="TRUE">1</attwidth><atprecis Sync="TRUE">0</atprecis><attscale Sync="TRUE">0</attscale></attr><attr><attrlabl Sync="TRUE">R94</attrlabl><attalias Sync="TRUE">R94</attalias><attrtype Sync="TRUE">String</attrtype><attwidth Sync="TRUE">1</attwidth><atprecis Sync="TRUE">0</atprecis><attscale Sync="TRUE">0</attscale></attr><attr><attrlabl Sync="TRUE">R95</attrlabl><attalias Sync="TRUE">R95</attalias><attrtype Sync="TRUE">String</attrtype><attwidth Sync="TRUE">1</attwidth><atprecis Sync="TRUE">0</atprecis><attscale Sync="TRUE">0</attscale></attr><attr><attrlabl Sync="TRUE">R96</attrlabl><attalias Sync="TRUE">R96</attalias><attrtype Sync="TRUE">String</attrtype><attwidth Sync="TRUE">1</attwidth><atprecis Sync="TRUE">0</atprecis><attscale Sync="TRUE">0</attscale></attr><attr><attrlabl Sync="TRUE">R97</attrlabl><attalias Sync="TRUE">R97</attalias><attrtype Sync="TRUE">String</attrtype><attwidth Sync="TRUE">1</attwidth><atprecis Sync="TRUE">0</atprecis><attscale Sync="TRUE">0</attscale></attr><attr><attrlabl Sync="TRUE">R98</attrlabl><attalias Sync="TRUE">R98</attalias><attrtype Sync="TRUE">String</attrtype><attwidth Sync="TRUE">1</attwidth><atprecis Sync="TRUE">0</atprecis><attscale Sync="TRUE">0</attscale></attr><attr><attrlabl Sync="TRUE">R99</attrlabl><attalias Sync="TRUE">R99</attalias><attrtype Sync="TRUE">String</attrtype><attwidth Sync="TRUE">1</attwidth><atprecis Sync="TRUE">0</atprecis><attscale Sync="TRUE">0</attscale></attr><attr><attrlabl Sync="TRUE">R00</attrlabl><attalias Sync="TRUE">R00</attalias><attrtype Sync="TRUE">String</attrtype><attwidth Sync="TRUE">1</attwidth><atprecis Sync="TRUE">0</atprecis><attscale Sync="TRUE">0</attscale></attr><attr><attrlabl Sync="TRUE">R01</attrlabl><attalias Sync="TRUE">R01</attalias><attrtype Sync="TRUE">String</attrtype><attwidth Sync="TRUE">1</attwidth><atprecis Sync="TRUE">0</atprecis><attscale Sync="TRUE">0</attscale></attr><attr><attrlabl Sync="TRUE">R02</attrlabl><attalias Sync="TRUE">R02</attalias><attrtype Sync="TRUE">String</attrtype><attwidth Sync="TRUE">1</attwidth><atprecis Sync="TRUE">0</atprecis><attscale Sync="TRUE">0</attscale></attr><attr><attrlabl Sync="TRUE">R03</attrlabl><attalias Sync="TRUE">R03</attalias><attrtype Sync="TRUE">String</attrtype><attwidth Sync="TRUE">1</attwidth><atprecis Sync="TRUE">0</atprecis><attscale Sync="TRUE">0</attscale></attr><attr><attrlabl Sync="TRUE">R04</attrlabl><attalias Sync="TRUE">R04</attalias><attrtype Sync="TRUE">String</attrtype><attwidth Sync="TRUE">1</attwidth><atprecis Sync="TRUE">0</atprecis><attscale Sync="TRUE">0</attscale></attr><attr><attrlabl Sync="TRUE">R05</attrlabl><attalias Sync="TRUE">R05</attalias><attrtype Sync="TRUE">String</attrtype><attwidth Sync="TRUE">1</attwidth><atprecis Sync="TRUE">0</atprecis><attscale Sync="TRUE">0</attscale></attr><attr><attrlabl Sync="TRUE">R06</attrlabl><attalias Sync="TRUE">R06</attalias><attrtype Sync="TRUE">String</attrtype><attwidth Sync="TRUE">1</attwidth><atprecis Sync="TRUE">0</atprecis><attscale Sync="TRUE">0</attscale></attr><attr><attrlabl Sync="TRUE">R07</attrlabl><attalias Sync="TRUE">R07</attalias><attrtype Sync="TRUE">String</attrtype><attwidth Sync="TRUE">1</attwidth><atprecis Sync="TRUE">0</atprecis><attscale Sync="TRUE">0</attscale></attr><attr><attrlabl Sync="TRUE">R08</attrlabl><attalias Sync="TRUE">R08</attalias><attrtype Sync="TRUE">String</attrtype><attwidth Sync="TRUE">1</attwidth><atprecis Sync="TRUE">0</atprecis><attscale Sync="TRUE">0</attscale></attr><attr><attrlabl Sync="TRUE">R09</attrlabl><attalias Sync="TRUE">R09</attalias><attrtype Sync="TRUE">String</attrtype><attwidth Sync="TRUE">1</attwidth><atprecis Sync="TRUE">0</atprecis><attscale Sync="TRUE">0</attscale></attr><attr><attrlabl Sync="TRUE">R10</attrlabl><attalias Sync="TRUE">R10</attalias><attrtype Sync="TRUE">String</attrtype><attwidth Sync="TRUE">1</attwidth><atprecis Sync="TRUE">0</atprecis><attscale Sync="TRUE">0</attscale></attr><attr><attrlabl Sync="TRUE">R11</attrlabl><attalias Sync="TRUE">R11</attalias><attrtype Sync="TRUE">String</attrtype><attwidth Sync="TRUE">1</attwidth><atprecis Sync="TRUE">0</atprecis><attscale Sync="TRUE">0</attscale></attr><attr><attrlabl Sync="TRUE">R12</attrlabl><attalias Sync="TRUE">R12</attalias><attrtype Sync="TRUE">String</attrtype><attwidth Sync="TRUE">1</attwidth><atprecis Sync="TRUE">0</atprecis><attscale Sync="TRUE">0</attscale></attr><attr><attrlabl Sync="TRUE">R13</attrlabl><attalias Sync="TRUE">R13</attalias><attrtype Sync="TRUE">String</attrtype><attwidth Sync="TRUE">1</attwidth><atprecis Sync="TRUE">0</atprecis><attscale Sync="TRUE">0</attscale></attr><attr><attrlabl Sync="TRUE">R14</attrlabl><attalias Sync="TRUE">R14</attalias><attrtype Sync="TRUE">String</attrtype><attwidth Sync="TRUE">1</attwidth><atprecis Sync="TRUE">0</atprecis><attscale Sync="TRUE">0</attscale></attr><attr><attrlabl Sync="TRUE">R15</attrlabl><attalias Sync="TRUE">R15</attalias><attrtype Sync="TRUE">String</attrtype><attwidth Sync="TRUE">1</attwidth><atprecis Sync="TRUE">0</atprecis><attscale Sync="TRUE">0</attscale></attr><attr><attrlabl Sync="TRUE">R16</attrlabl><attalias Sync="TRUE">R16</attalias><attrtype Sync="TRUE">String</attrtype><attwidth Sync="TRUE">1</attwidth><atprecis Sync="TRUE">0</atprecis><attscale Sync="TRUE">0</attscale></attr><attr><attrlabl Sync="TRUE">R17</attrlabl><attalias Sync="TRUE">R17</attalias><attrtype Sync="TRUE">String</attrtype><attwidth Sync="TRUE">1</attwidth><atprecis Sync="TRUE">0</atprecis><attscale Sync="TRUE">0</attscale></attr><attr><attrlabl Sync="TRUE">R18</attrlabl><attalias Sync="TRUE">R18</attalias><attrtype Sync="TRUE">String</attrtype><attwidth Sync="TRUE">1</attwidth><atprecis Sync="TRUE">0</atprecis><attscale Sync="TRUE">0</attscale></attr><attr><attrlabl Sync="TRUE">R19</attrlabl><attalias Sync="TRUE">R19</attalias><attrtype Sync="TRUE">String</attrtype><attwidth Sync="TRUE">1</attwidth><atprecis Sync="TRUE">0</atprecis><attscale Sync="TRUE">0</attscale></attr><attr><attrlabl Sync="TRUE">R20</attrlabl><attalias Sync="TRUE">R20</attalias><attrtype Sync="TRUE">String</attrtype><attwidth Sync="TRUE">1</attwidth><atprecis Sync="TRUE">0</atprecis><attscale Sync="TRUE">0</attscale></attr><attr><attrlabl Sync="TRUE">R21</attrlabl><attalias Sync="TRUE">R21</attalias><attrtype Sync="TRUE">String</attrtype><attwidth Sync="TRUE">1</attwidth><atprecis Sync="TRUE">0</atprecis><attscale Sync="TRUE">0</attscale></attr><attr><attrlabl Sync="TRUE">R22</attrlabl><attalias Sync="TRUE">R22</attalias><attrtype Sync="TRUE">String</attrtype><attwidth Sync="TRUE">1</attwidth><atprecis Sync="TRUE">0</atprecis><attscale Sync="TRUE">0</attscale></attr><attr><attrlabl Sync="TRUE">R23</attrlabl><attalias Sync="TRUE">R23</attalias><attrtype Sync="TRUE">String</attrtype><attwidth Sync="TRUE">1</attwidth><atprecis Sync="TRUE">0</atprecis><attscale Sync="TRUE">0</attscale></attr><attr><attrlabl Sync="TRUE">R24</attrlabl><attalias Sync="TRUE">R24</attalias><attrtype Sync="TRUE">String</attrtype><attwidth Sync="TRUE">1</attwidth><atprecis Sync="TRUE">0</atprecis><attscale Sync="TRUE">0</attscale></attr><attr><attrlabl Sync="TRUE">R25</attrlabl><attalias Sync="TRUE">R25</attalias><attrtype Sync="TRUE">String</attrtype><attwidth Sync="TRUE">1</attwidth><atprecis Sync="TRUE">0</atprecis><attscale Sync="TRUE">0</attscale></attr><attr><attrlabl Sync="TRUE">R26</attrlabl><attalias Sync="TRUE">R26</attalias><attrtype Sync="TRUE">String</attrtype><attwidth Sync="TRUE">1</attwidth><atprecis Sync="TRUE">0</atprecis><attscale Sync="TRUE">0</attscale></attr><attr><attrlabl Sync="TRUE">R27</attrlabl><attalias Sync="TRUE">R27</attalias><attrtype Sync="TRUE">String</attrtype><attwidth Sync="TRUE">1</attwidth><atprecis Sync="TRUE">0</atprecis><attscale Sync="TRUE">0</attscale></attr><attr><attrlabl Sync="TRUE">R28</attrlabl><attalias Sync="TRUE">R28</attalias><attrtype Sync="TRUE">String</attrtype><attwidth Sync="TRUE">1</attwidth><atprecis Sync="TRUE">0</atprecis><attscale Sync="TRUE">0</attscale></attr><attr><attrlabl Sync="TRUE">R29</attrlabl><attalias Sync="TRUE">R29</attalias><attrtype Sync="TRUE">String</attrtype><attwidth Sync="TRUE">1</attwidth><atprecis Sync="TRUE">0</atprecis><attscale Sync="TRUE">0</attscale></attr><attr><attrlabl Sync="TRUE">R30</attrlabl><attalias Sync="TRUE">R30</attalias><attrtype Sync="TRUE">String</attrtype><attwidth Sync="TRUE">1</attwidth><atprecis Sync="TRUE">0</atprecis><attscale Sync="TRUE">0</attscale></attr><attr><attrlabl Sync="TRUE">R64</attrlabl><attalias Sync="TRUE">R64</attalias><attrtype Sync="TRUE">String</attrtype><attwidth Sync="TRUE">1</attwidth><atprecis Sync="TRUE">0</atprecis><attscale Sync="TRUE">0</attscale></attr></detailed></eainfo><mdDateSt Sync="TRUE">20230603</mdDateSt></metadata>
