<?xml version="1.0"?>
<metadata xml:lang="pl"><Esri><CreaDate>20230605</CreaDate><CreaTime>07522900</CreaTime><ArcGISFormat>1.0</ArcGISFormat><SyncOnce>TRUE</SyncOnce><ModDate>20230608</ModDate><ModTime>10541900</ModTime><scaleRange><minScale>150000000</minScale><maxScale>5000</maxScale></scaleRange><ArcGISProfile>ItemDescription</ArcGISProfile></Esri><tool name="dobaKlimCSV" displayname="dobaKlimCSV" toolboxalias="dane klimatyczne" xmlns=""><arcToolboxHelpPath>c:\program files\arcgis\pro\Resources\Help\gp</arcToolboxHelpPath><parameters><param name="stacje_lata" displayname="Warstwa stacji po selekcji" type="Required" direction="Input" datatype="Feature Layer" expression="stacje_lata"><dialogReference>&lt;DIV STYLE="text-align:Left;"&gt;&lt;DIV&gt;&lt;DIV&gt;&lt;P&gt;&lt;SPAN&gt;Warstwa po selekcji stacji (rekordy) i lat (pola) z warstwy stacje_imgw_meteoK. Może to być nazwa warstwy z TOC, pełna ścieżka do warstwy w file geodatabase lub SHP&lt;/SPAN&gt;&lt;/P&gt;&lt;P&gt;&lt;SPAN&gt;np.  stacje2&lt;/SPAN&gt;&lt;/P&gt;&lt;P&gt;&lt;SPAN&gt;np. C:\JACEK_4\KIMGW\Mapa_klim\Mapa_klim.gdb\stacje2&lt;/SPAN&gt;&lt;/P&gt;&lt;P&gt;&lt;SPAN&gt;np. C:\maj23\konfgis\rob\stacje3.shp&lt;/SPAN&gt;&lt;/P&gt;&lt;/DIV&gt;&lt;/DIV&gt;&lt;/DIV&gt;</dialogReference></param><param name="rob" displayname="Katalog roboczy" type="Required" direction="Input" datatype="Workspace" expression="rob"><dialogReference>&lt;DIV STYLE="text-align:Left;"&gt;&lt;DIV&gt;&lt;DIV&gt;&lt;P&gt;&lt;SPAN&gt;Dowolny  katalog (pełna ścieżka), gdzie będą zapisywane i rozpakowywane pobierane dane. Po zakończeniu pracy nie są one automatycznie usuwane.&lt;/SPAN&gt;&lt;/P&gt;&lt;P&gt;&lt;SPAN&gt;np:  C:\maj23\konfgis\rob&lt;/SPAN&gt;&lt;/P&gt;&lt;P&gt;&lt;SPAN&gt;W katalogu roboczym nie powinny znajdować się  pliki otwarte w programach !!!!&lt;/SPAN&gt;&lt;/P&gt;&lt;/DIV&gt;&lt;/DIV&gt;&lt;/DIV&gt;</dialogReference></param><param name="wyn" displayname="Plik z danymi .csv" type="Required" direction="Output" datatype="String" expression="wyn"><dialogReference>&lt;DIV STYLE="text-align:Left;"&gt;&lt;DIV&gt;&lt;P&gt;&lt;SPAN&gt;Nazwa pliku tekstowego, który zostanie utworzony (pełna ścieżka). Plik zawiera następujące kolumny: kod,stacja,rok,mies,dzien,TMAX,TMIN,TSD,TMNG,SMDB,OPAD,PKSN,WLGS,FWS,NOS8. Czyli : Kod stacji, nazwę stacji, rok, miesiąc, dzień, temperaturę maksymalną, temperaturę minimalną, temperaturę minimalną przy gruncie, suma opadu (mm), rodzaj opadu (W - deszcz, S - śnieg), wysokość pokrywy śnieżnej (cm),średnią wilgotność (%), średnią prędkość wiatru (m/s), zachmurzenie (0-8).&lt;/SPAN&gt;&lt;/P&gt;&lt;P&gt;&lt;SPAN&gt;np.  C:\maj23\konfgis\dane.csv&lt;/SPAN&gt;&lt;/P&gt;&lt;/DIV&gt;&lt;/DIV&gt;</dialogReference></param></parameters><summary>&lt;DIV STYLE="text-align:Left;"&gt;&lt;DIV&gt;&lt;DIV&gt;&lt;P STYLE="margin:0 0 11 0;"&gt;&lt;SPAN&gt;Narzędzie  służy do automatyzacji pobierania dobowych danych klimatycznych Polski udostępnionych przez IMGW na stronie  &lt;/SPAN&gt;&lt;A href="https://danepubliczne.imgw.pl" STYLE="text-decoration:underline;"&gt;&lt;SPAN STYLE="text-decoration:underline;"&gt;&lt;SPAN&gt;https://danepubliczne.imgw.pl&lt;/SPAN&gt;&lt;/SPAN&gt;&lt;/A&gt;&lt;SPAN&gt;  z 339 stacji meteorologicznych od 1951. Pobieranych jest dziesięć podstawowych danych klimatycznych: średnia(TSD), minimalna(TMIN) i maksymalna(TMAX)  temperatura, minimalna temperatura przy gruncie(TMNG), rodzaj(OPAD) i suma opadów(SMDB), wysokość pokrywy śnieżnej(PKSN), średnia  wilgotność(WLGS) i zachmurzenie(NOS8) oraz średnia prędkość wiatru(FWS). Najpierw z mapy i tablicy atrybutowej dokonuje się selekcji stacji i lat. Narzędzie wykorzystuje wynik selekcji i tworzy plik tekstowy z wybranymi danymi. &lt;/SPAN&gt;&lt;/P&gt;&lt;P&gt;&lt;SPAN /&gt;&lt;/P&gt;&lt;/DIV&gt;&lt;/DIV&gt;&lt;/DIV&gt;</summary></tool><dataIdInfo><idCitation><resTitle>dobaKlimCSV</resTitle></idCitation><searchKeys><keyword>Pobieranie dobowych danych klimatycznych ze strony IMGW.</keyword></searchKeys></dataIdInfo><distInfo><distributor><distorFormat><formatName>ArcToolbox Tool</formatName></distorFormat></distributor></distInfo><mdHrLv><ScopeCd value="005"/></mdHrLv><mdDateSt Sync="TRUE">20230608</mdDateSt></metadata>
